ticket_id,request_datetime,title,description,requester_name,department_project,contact,category,sub_category,priority,request_type,service_unit,assigned_person,status,first_response_date,clarification_requested,clarification_date,approval_required,approval_date,processing_start_date,resolution_date,closure_date,response_time_hrs,resolution_time_hrs,clarification_cycles,escalated,sla_status,resolution_category,resolution_description,root_cause,closure_reason
TCK-20260221-0001,26:55.3,General office request,General office request,Requester_15,Social Transformation Cluster,user0@example.org,Other service-related request,,Normal,Other service-related request,General Services Unit,Processor_12,CLOSED,48:38.8,FALSE,,FALSE,,,38:41.3,40:48.5,14.4,38.8,0,FALSE,Met,Resolved as requested,,,
TCK-20260222-0002,26:55.3,Access issue with reporting tool,Access issue with reporting tool,Requester_15,EnDev Project,user1@example.org,System or administrative issue,,Normal,System or administrative issue,IT / Admin Service Unit,Processor_9,CLOSED,29:45.7,TRUE,,FALSE,,,46:18.4,43:08.8,20,79.3,2,FALSE,Met,Cancelled,,,
TCK-20260715-0003,26:55.3,Extension of grant agreement needed,Extension of grant agreement needed,Requester_1,Social Transformation Cluster,user2@example.org,Contract-related request,,High,Contract-related request,Contracts Service Unit,Processor_12,CLOSED,26:32.8,FALSE,,TRUE,,,28:22.0,51:49.8,12,18,0,FALSE,Met,Resolved with alternative,,,
TCK-20260310-0004,26:55.3,Vendor payment delayed,Vendor payment delayed,Requester_23,Health Programme,user3@example.org,Vendor-related request,,Normal,Vendor-related request,Procurement Service Unit,Processor_1,CLOSED,43:47.8,TRUE,,FALSE,,,09:49.6,29:49.2,5.3,36.4,1,FALSE,Met,Cancelled,,,
TCK-20260725-0005,26:55.3,Purchase field survey tablets,Purchase field survey tablets,Requester_24,Digital Health Dept.,user4@example.org,Procurement-related request,,Urgent,Procurement-related request,Procurement Service Unit,Processor_12,CLOSED,55:12.9,TRUE,,TRUE,,,43:16.4,55:49.0,3.5,44.8,1,FALSE,Breached,Rejected,,,
TCK-20260312-0006,26:55.3,Request quotation for office supplies,Request quotation for office supplies,Requester_24,Social Transformation Cluster,user5@example.org,Procurement-related request,,Normal,Procurement-related request,Procurement Service Unit,Processor_6,CLOSED,43:45.2,FALSE,,TRUE,,,27:23.7,52:14.2,19.3,45.7,0,FALSE,Met,Resolved as requested,,,
TCK-20260330-0007,26:55.3,Admin portal not working,Admin portal not working,Requester_11,Finance Unit,user6@example.org,System or administrative issue,,High,System or administrative issue,IT / Admin Service Unit,Processor_7,CLOSED,16:08.6,FALSE,,FALSE,,,22:31.0,39:33.4,17.8,29.1,0,FALSE,Met,Resolved with alternative,,,
TCK-20260301-0008,26:55.3,Miscellaneous support needed,Miscellaneous support needed,Requester_21,HR Unit,user7@example.org,Other service-related request,,High,Other service-related request,General Services Unit,Processor_5,CLOSED,57:06.5,FALSE,,FALSE,,,16:38.2,16:45.9,18.5,43.3,0,FALSE,Met,Rejected,,,
TCK-20260622-0009,26:55.3,Review draft service contract,Review draft service contract,Requester_30,Social Transformation Cluster,user8@example.org,Contract-related request,,Urgent,Contract-related request,Contracts Service Unit,Processor_5,CLOSED,17:17.4,FALSE,,TRUE,,,02:59.9,11:05.0,6.8,54.8,0,FALSE,Breached,Rejected,,,
TCK-20260714-0010,26:55.3,Miscellaneous support needed,Miscellaneous support needed,Requester_9,Finance Unit,user9@example.org,Other service-related request,,Normal,Other service-related request,General Services Unit,Processor_2,CLOSED,01:18.4,FALSE,,FALSE,,,46:14.7,34:34.0,18.6,33.7,0,FALSE,Met,Resolved with alternative,,,
TCK-20260808-0011,26:55.3,General office request,General office request,Requester_25,HR Unit,user10@example.org,Other service-related request,,High,Other service-related request,General Services Unit,Processor_10,IN PROCESS,10:38.3,FALSE,,FALSE,,,,,6.7,30.5,0,FALSE,Met,,,,
TCK-20260217-0012,26:55.3,Vendor performance issue,Vendor performance issue,Requester_35,Health Programme,user11@example.org,Vendor-related request,,High,Vendor-related request,Procurement Service Unit,Processor_11,CLOSED,55:34.5,TRUE,,FALSE,,,46:45.7,31:47.5,12.5,81.9,1,FALSE,Breached,Resolved with alternative,,,
TCK-20260423-0013,26:55.3,Clarification needed on last approval,Clarification needed on last approval,Requester_33,BMM Project,user12@example.org,Clarification request,,High,Clarification request,Relevant Service Unit,Processor_11,CLOSED,56:55.3,FALSE,,FALSE,,,54:52.7,36:37.7,0.5,43,0,FALSE,Met,Resolved with alternative,,,
TCK-20260328-0014,26:55.3,Extension of grant agreement needed,Extension of grant agreement needed,Requester_34,EnDev Project,user13@example.org,Contract-related request,,Urgent,Contract-related request,Contracts Service Unit,Processor_10,CLOSED,53:32.6,FALSE,,TRUE,,,08:57.7,35:50.4,20.4,79.3,0,FALSE,Breached,Rejected,,,
TCK-20260301-0015,26:55.3,Vendor payment delayed,Vendor payment delayed,Requester_6,BMM Project,user14@example.org,Vendor-related request,,Urgent,Vendor-related request,Procurement Service Unit,Processor_12,CLOSED,24:09.0,TRUE,,FALSE,,,48:31.9,24:02.7,5,40.4,1,FALSE,Breached,Resolved with alternative,,,
TCK-20260616-0016,26:55.3,Review draft service contract,Review draft service contract,Requester_34,HR Unit,user15@example.org,Contract-related request,,Normal,Contract-related request,Contracts Service Unit,Processor_4,PENDING APPROVAL,05:17.1,FALSE,,TRUE,,,,,12.6,29.4,0,FALSE,Met,,,,
TCK-20260505-0017,26:55.3,General office request,General office request,Requester_24,Finance Unit,user16@example.org,Other service-related request,,Urgent,Other service-related request,General Services Unit,Processor_9,CLOSED,55:20.2,FALSE,,FALSE,,,33:24.3,15:30.9,12.5,43.6,0,FALSE,Breached,Resolved as requested,,,
TCK-20260715-0018,26:55.3,Vendor payment delayed,Vendor payment delayed,Requester_15,EnDev Project,user17@example.org,Vendor-related request,,Normal,Vendor-related request,Procurement Service Unit,Processor_2,CLOSED,22:19.5,FALSE,,FALSE,,,08:39.8,29:54.6,7.9,78.8,0,FALSE,Met,Resolved as requested,,,
TCK-20260305-0019,26:55.3,Purchase field survey tablets,Purchase field survey tablets,Requester_32,Digital Health Dept.,user18@example.org,Procurement-related request,,Normal,Procurement-related request,Procurement Service Unit,Processor_9,CLOSED,44:00.0,FALSE,,TRUE,,,15:14.4,46:15.0,1.3,27.5,0,FALSE,Met,Cancelled,,,
TCK-20260530-0020,26:55.3,Extension of grant agreement needed,Extension of grant agreement needed,Requester_28,SEFFA,user19@example.org,Contract-related request,,Normal,Contract-related request,Contracts Service Unit,Processor_7,CLOSED,28:45.2,FALSE,,TRUE,,,36:48.9,28:54.6,10,36.1,0,FALSE,Met,Resolved as requested,,,
TCK-20260302-0021,26:55.3,General office request,General office request,Requester_7,Digital Health Dept.,user20@example.org,Other service-related request,,High,Other service-related request,General Services Unit,Processor_4,CLOSED,10:11.9,TRUE,,FALSE,,,34:00.1,53:05.3,21.7,96.4,1,FALSE,Breached,Cancelled,,,
TCK-20260613-0022,26:55.3,Extension of grant agreement needed,Extension of grant agreement needed,Requester_5,Finance Unit,user21@example.org,Contract-related request,,Urgent,Contract-related request,Contracts Service Unit,Processor_9,CLOSED,34:31.3,TRUE,,TRUE,,,32:29.5,32:27.1,25.1,47,1,FALSE,Breached,Resolved as requested,,,
TCK-20260329-0023,26:55.3,Request quotation for office supplies,Request quotation for office supplies,Requester_14,HR Unit,user22@example.org,Procurement-related request,,Normal,Procurement-related request,Procurement Service Unit,Processor_1,CLOSED,36:16.6,FALSE,,TRUE,,,33:45.1,36:43.6,2.2,30,0,FALSE,Met,Cancelled,,,
TCK-20260429-0024,26:55.3,Onboard new vendor for logistics,Onboard new vendor for logistics,Requester_36,Finance Unit,user23@example.org,Vendor-related request,,High,Vendor-related request,Procurement Service Unit,Processor_3,CLOSED,15:11.4,FALSE,,FALSE,,,20:13.7,20:39.3,8.8,51.1,0,FALSE,Met,Resolved as requested,,,
TCK-20260702-0025,26:55.3,Admin portal not working,Admin portal not working,Requester_4,EnDev Project,user24@example.org,System or administrative issue,,High,System or administrative issue,IT / Admin Service Unit,Processor_10,CLOSED,27:00.7,TRUE,,FALSE,,,33:13.2,41:58.5,2,35.1,1,FALSE,Met,Resolved with alternative,,,
TCK-20260402-0026,26:55.3,Need to procure IT equipment,Need to procure IT equipment,Requester_16,HR Unit,user25@example.org,Procurement-related request,,High,Procurement-related request,Procurement Service Unit,Processor_2,IN PROCESS,47:53.9,TRUE,,TRUE,,,,,22.3,70.6,1,FALSE,Met,,,,
TCK-20260716-0027,26:55.3,Review draft service contract,Review draft service contract,Requester_27,SEFFA,user26@example.org,Contract-related request,,High,Contract-related request,Contracts Service Unit,Processor_5,CLOSED,53:41.8,FALSE,,TRUE,,,57:39.1,25:59.8,12.4,29.1,0,FALSE,Met,Resolved with alternative,,,
TCK-20260320-0028,26:55.3,Onboard new vendor for logistics,Onboard new vendor for logistics,Requester_30,SEFFA,user27@example.org,Vendor-related request,,High,Vendor-related request,Procurement Service Unit,Processor_2,CLOSED,37:30.9,FALSE,,FALSE,,,12:55.6,30:07.6,24.2,74.6,0,FALSE,Breached,Resolved as requested,,,
TCK-20260624-0029,26:55.3,Request quotation for office supplies,Request quotation for office supplies,Requester_23,BMM Project,user28@example.org,Procurement-related request,,Normal,Procurement-related request,Procurement Service Unit,Processor_4,CLOSED,15:48.7,FALSE,,TRUE,,,15:36.3,53:17.7,17.8,89,0,FALSE,Met,Rejected,,,
TCK-20260629-0030,26:55.3,Admin portal not working,Admin portal not working,Requester_36,Health Programme,user29@example.org,System or administrative issue,,High,System or administrative issue,IT / Admin Service Unit,Processor_11,CLOSED,42:18.9,FALSE,,FALSE,,,32:09.3,43:58.2,8.3,30.8,0,FALSE,Met,Rejected,,,
TCK-20260706-0031,26:55.3,Need to procure IT equipment,Need to procure IT equipment,Requester_39,Digital Health Dept.,user30@example.org,Procurement-related request,,Normal,Procurement-related request,Procurement Service Unit,Processor_12,CLOSED,14:09.0,TRUE,,TRUE,,,33:13.2,21:57.9,3.8,63.3,2,FALSE,Met,Rejected,,,
TCK-20260419-0032,26:55.3,Access issue with reporting tool,Access issue with reporting tool,Requester_28,Health Programme,user31@example.org,System or administrative issue,,Normal,System or administrative issue,IT / Admin Service Unit,Processor_1,CLOSED,20:57.9,TRUE,,FALSE,,,21:02.8,05:11.5,16.9,35,1,FALSE,Met,Rejected,,,
TCK-20260608-0033,26:55.3,Review draft service contract,Review draft service contract,Requester_36,EnDev Project,user32@example.org,Contract-related request,,High,Contract-related request,Contracts Service Unit,Processor_2,CLOSED,12:01.5,FALSE,,TRUE,,,00:37.5,19:18.7,11.8,22.8,0,FALSE,Met,Resolved with alternative,,,
TCK-20260520-0034,26:55.3,System login error,System login error,Requester_28,Social Transformation Cluster,user33@example.org,System or administrative issue,,High,System or administrative issue,IT / Admin Service Unit,Processor_1,CLOSED,24:01.2,FALSE,,FALSE,,,17:54.2,58:29.8,5,37.9,0,FALSE,Met,Resolved as requested,,,
TCK-20260808-0035,26:55.3,Vendor payment delayed,Vendor payment delayed,Requester_23,HR Unit,user34@example.org,Vendor-related request,,High,Vendor-related request,Procurement Service Unit,Processor_10,CLOSED,07:23.4,TRUE,,FALSE,,,28:34.9,46:08.2,2.7,30.4,1,FALSE,Met,Resolved with alternative,,,
TCK-20260530-0036,26:55.3,Request contract amendment,Request contract amendment,Requester_22,HR Unit,user35@example.org,Contract-related request,,Normal,Contract-related request,Contracts Service Unit,Processor_11,UNDER REVIEW,50:13.5,FALSE,,TRUE,,,,,18.4,63.9,0,FALSE,Met,,,,
TCK-20260812-0037,26:55.3,Vendor payment delayed,Vendor payment delayed,Requester_3,Finance Unit,user36@example.org,Vendor-related request,,Normal,Vendor-related request,Procurement Service Unit,Processor_4,CLOSED,34:38.9,FALSE,,FALSE,,,41:22.7,48:50.5,5.1,28.1,0,FALSE,Met,Rejected,,,
TCK-20260412-0038,26:55.3,Vendor payment delayed,Vendor payment delayed,Requester_26,SEFFA,user37@example.org,Vendor-related request,,High,Vendor-related request,Procurement Service Unit,Processor_5,CLARIFICATION REQUIRED,28:46.4,FALSE,,FALSE,,,,,13,32.7,0,FALSE,Met,,,,
TCK-20260625-0039,26:55.3,Vendor performance issue,Vendor performance issue,Requester_35,SEFFA,user38@example.org,Vendor-related request,,High,Vendor-related request,Procurement Service Unit,Processor_1,CLOSED,52:05.9,FALSE,,FALSE,,,39:47.0,58:56.1,5.4,44.8,0,FALSE,Met,Resolved with alternative,,,
TCK-20260223-0040,26:55.3,Access issue with reporting tool,Access issue with reporting tool,Requester_23,SEFFA,user39@example.org,System or administrative issue,,High,System or administrative issue,IT / Admin Service Unit,Processor_7,CLOSED,36:08.4,TRUE,,FALSE,,,50:44.2,36:30.0,32.2,68.2,2,FALSE,Met,Cancelled,,,
TCK-20260420-0041,26:55.3,System login error,System login error,Requester_1,Digital Health Dept.,user40@example.org,System or administrative issue,,High,System or administrative issue,IT / Admin Service Unit,Processor_6,CLOSED,28:49.3,TRUE,,FALSE,,,02:19.2,51:46.0,5,43.6,2,FALSE,Met,Rejected,,,
TCK-20260802-0042,26:55.3,Access issue with reporting tool,Access issue with reporting tool,Requester_20,Health Programme,user41@example.org,System or administrative issue,,High,System or administrative issue,IT / Admin Service Unit,Processor_11,CLOSED,37:34.2,FALSE,,FALSE,,,56:15.0,11:33.8,29.2,96.3,0,FALSE,Breached,Rejected,,,
TCK-20260405-0043,26:55.3,System login error,System login error,Requester_25,Social Transformation Cluster,user42@example.org,System or administrative issue,,High,System or administrative issue,IT / Admin Service Unit,Processor_10,CLOSED,32:20.6,FALSE,,FALSE,,,57:32.6,17:55.7,37.1,84.4,0,FALSE,Breached,Resolved as requested,,,
TCK-20260409-0044,26:55.3,Onboard new vendor for logistics,Onboard new vendor for logistics,Requester_39,SEFFA,user43@example.org,Vendor-related request,,High,Vendor-related request,Procurement Service Unit,Processor_8,CLOSED,05:14.1,FALSE,,FALSE,,,28:37.2,00:59.1,32.6,55.4,0,FALSE,Met,Cancelled,,,
TCK-20260801-0045,26:55.3,General office request,General office request,Requester_40,SEFFA,user44@example.org,Other service-related request,,Normal,Other service-related request,General Services Unit,Processor_2,UNDER REVIEW,24:45.9,FALSE,,FALSE,,,,,7,35.8,0,FALSE,Met,,,,
TCK-20260413-0046,26:55.3,Miscellaneous support needed,Miscellaneous support needed,Requester_3,Digital Health Dept.,user45@example.org,Other service-related request,,Normal,Other service-related request,General Services Unit,Processor_8,CLOSED,16:49.3,FALSE,,FALSE,,,56:05.4,36:36.4,18.8,46.7,0,FALSE,Met,Cancelled,,,
TCK-20260812-0047,26:55.3,Clarification needed on last approval,Clarification needed on last approval,Requester_16,Social Transformation Cluster,user46@example.org,Clarification request,,Normal,Clarification request,Relevant Service Unit,Processor_11,CLOSED,27:05.6,FALSE,,FALSE,,,35:05.2,06:57.5,28,39.1,0,FALSE,Met,Resolved as requested,,,
TCK-20260401-0048,26:55.3,Clarification needed on last approval,Clarification needed on last approval,Requester_4,Digital Health Dept.,user47@example.org,Clarification request,,Normal,Clarification request,Relevant Service Unit,Processor_2,CLOSED,37:53.8,FALSE,,FALSE,,,20:16.7,46:14.0,9.2,40.7,0,FALSE,Met,Rejected,,,
TCK-20260705-0049,26:55.3,Not sure about required documents,Not sure about required documents,Requester_31,Finance Unit,user48@example.org,Clarification request,,Urgent,Clarification request,Relevant Service Unit,Processor_5,CLOSED,32:34.7,FALSE,,FALSE,,,43:22.8,02:23.5,6.1,49.2,0,FALSE,Breached,Rejected,,,
TCK-20260725-0050,26:55.3,Access issue with reporting tool,Access issue with reporting tool,Requester_5,Health Programme,user49@example.org,System or administrative issue,,Normal,System or administrative issue,IT / Admin Service Unit,Processor_4,CLOSED,39:40.3,FALSE,,FALSE,,,41:59.2,03:11.1,15.2,56,0,FALSE,Met,Resolved as requested,,,
TCK-20260415-0051,26:55.3,Request contract amendment,Request contract amendment,Requester_14,BMM Project,user50@example.org,Contract-related request,,High,Contract-related request,Contracts Service Unit,Processor_7,CLOSED,58:09.5,TRUE,,TRUE,,,16:36.4,45:24.6,23.5,78.3,1,FALSE,Breached,Cancelled,,,
TCK-20260602-0052,26:55.3,Request quotation for office supplies,Request quotation for office supplies,Requester_38,EnDev Project,user51@example.org,Procurement-related request,,Urgent,Procurement-related request,Procurement Service Unit,Processor_10,CLOSED,24:57.4,TRUE,,TRUE,,,06:18.7,14:26.9,7,74.7,1,FALSE,Breached,Rejected,,,
TCK-20260602-0053,26:55.3,Onboard new vendor for logistics,Onboard new vendor for logistics,Requester_35,Digital Health Dept.,user52@example.org,Vendor-related request,,High,Vendor-related request,Procurement Service Unit,Processor_8,CLOSED,10:32.6,FALSE,,FALSE,,,30:00.4,31:27.6,12.7,37.3,0,FALSE,Met,Resolved as requested,,,
TCK-20260805-0054,26:55.3,Not sure about required documents,Not sure about required documents,Requester_11,Finance Unit,user53@example.org,Clarification request,,High,Clarification request,Relevant Service Unit,Processor_3,IN PROCESS,22:18.7,TRUE,,FALSE,,,,,6.9,66.1,1,FALSE,Met,,,,
TCK-20260716-0055,26:55.3,Tender for vehicle maintenance,Tender for vehicle maintenance,Requester_6,HR Unit,user54@example.org,Procurement-related request,,High,Procurement-related request,Procurement Service Unit,Processor_3,UNDER REVIEW,02:50.8,TRUE,,TRUE,,,,,10.6,48.4,1,FALSE,Met,,,,
TCK-20260523-0056,26:55.3,Purchase field survey tablets,Purchase field survey tablets,Requester_21,SEFFA,user55@example.org,Procurement-related request,,Normal,Procurement-related request,Procurement Service Unit,Processor_7,CLOSED,05:07.6,TRUE,,TRUE,,,17:20.8,10:00.5,24.6,60.2,1,FALSE,Met,Cancelled,,,
TCK-20260614-0057,26:55.3,Vendor payment delayed,Vendor payment delayed,Requester_4,SEFFA,user56@example.org,Vendor-related request,,High,Vendor-related request,Procurement Service Unit,Processor_4,CLOSED,54:11.1,TRUE,,FALSE,,,28:21.3,26:27.4,2.5,52.6,1,FALSE,Met,Resolved as requested,,,
TCK-20260406-0058,26:55.3,Request quotation for office supplies,Request quotation for office supplies,Requester_16,Social Transformation Cluster,user57@example.org,Procurement-related request,,High,Procurement-related request,Procurement Service Unit,Processor_8,CLOSED,12:22.7,FALSE,,TRUE,,,19:45.8,18:02.4,27.8,54.1,0,FALSE,Met,Resolved with alternative,,,
TCK-20260520-0059,26:55.3,Not sure about required documents,Not sure about required documents,Requester_8,Social Transformation Cluster,user58@example.org,Clarification request,,High,Clarification request,Relevant Service Unit,Processor_5,CLOSED,09:45.2,FALSE,,FALSE,,,11:13.5,46:39.7,12.7,28,0,FALSE,Met,Rejected,,,
TCK-20260522-0060,26:55.3,Admin portal not working,Admin portal not working,Requester_13,BMM Project,user59@example.org,System or administrative issue,,Urgent,System or administrative issue,IT / Admin Service Unit,Processor_10,CLOSED,13:53.9,TRUE,,FALSE,,,26:17.6,51:53.3,4.8,62.2,2,FALSE,Breached,Resolved as requested,,,
TCK-20260809-0061,26:55.3,Miscellaneous support needed,Miscellaneous support needed,Requester_37,EnDev Project,user60@example.org,Other service-related request,,High,Other service-related request,General Services Unit,Processor_6,CLOSED,38:23.1,FALSE,,FALSE,,,29:04.0,41:58.0,10.2,45.8,0,FALSE,Met,Resolved as requested,,,
TCK-20260512-0062,26:55.3,Admin portal not working,Admin portal not working,Requester_32,BMM Project,user61@example.org,System or administrative issue,,High,System or administrative issue,IT / Admin Service Unit,Processor_7,PENDING APPROVAL,08:36.4,FALSE,,FALSE,,,,,31.7,112.5,0,TRUE,Breached,,,,
TCK-20260606-0063,26:55.3,Clarification needed on last approval,Clarification needed on last approval,Requester_18,Finance Unit,user62@example.org,Clarification request,,High,Clarification request,Relevant Service Unit,Processor_8,CLOSED,22:11.2,FALSE,,FALSE,,,15:37.5,04:26.5,0.9,19.9,0,FALSE,Met,Rejected,,,
TCK-20260309-0064,26:55.3,Vendor payment delayed,Vendor payment delayed,Requester_16,Finance Unit,user63@example.org,Vendor-related request,,Urgent,Vendor-related request,Procurement Service Unit,Processor_10,CLOSED,31:38.7,FALSE,,FALSE,,,00:05.7,43:06.0,13.1,23.5,0,FALSE,Met,Resolved as requested,,,
TCK-20260402-0065,26:55.3,Not sure about required documents,Not sure about required documents,Requester_17,SEFFA,user64@example.org,Clarification request,,Normal,Clarification request,Relevant Service Unit,Processor_5,PENDING APPROVAL,38:57.0,FALSE,,FALSE,,,,,22.2,41.9,0,FALSE,Met,,,,
TCK-20260217-0066,26:55.3,Vendor performance issue,Vendor performance issue,Requester_6,Digital Health Dept.,user65@example.org,Vendor-related request,,Urgent,Vendor-related request,Procurement Service Unit,Processor_12,CLOSED,47:39.0,FALSE,,FALSE,,,19:26.7,05:35.3,9.3,17.5,0,FALSE,Met,Resolved with alternative,,,
TCK-20260730-0067,26:55.3,Miscellaneous support needed,Miscellaneous support needed,Requester_2,BMM Project,user66@example.org,Other service-related request,,Normal,Other service-related request,General Services Unit,Processor_5,CLOSED,29:21.7,TRUE,,FALSE,,,19:33.5,14:13.5,10,47.8,1,FALSE,Met,Rejected,,,
TCK-20260616-0068,26:55.3,Miscellaneous support needed,Miscellaneous support needed,Requester_28,SEFFA,user67@example.org,Other service-related request,,Normal,Other service-related request,General Services Unit,Processor_6,CLOSED,09:08.9,FALSE,,FALSE,,,15:29.2,29:21.1,2.7,39.1,0,FALSE,Met,Rejected,,,
TCK-20260405-0069,26:55.3,Request contract amendment,Request contract amendment,Requester_35,Social Transformation Cluster,user68@example.org,Contract-related request,,Normal,Contract-related request,Contracts Service Unit,Processor_4,CLOSED,41:57.2,FALSE,,TRUE,,,29:22.2,37:33.8,5.3,34.8,0,FALSE,Met,Rejected,,,
TCK-20260501-0070,26:55.3,Request quotation for office supplies,Request quotation for office supplies,Requester_20,EnDev Project,user69@example.org,Procurement-related request,,Normal,Procurement-related request,Procurement Service Unit,Processor_12,CLOSED,26:39.6,TRUE,,TRUE,,,35:37.0,54:10.0,4,32.1,1,FALSE,Met,Resolved as requested,,,
TCK-20260812-0071,26:55.3,Access issue with reporting tool,Access issue with reporting tool,Requester_32,BMM Project,user70@example.org,System or administrative issue,,High,System or administrative issue,IT / Admin Service Unit,Processor_1,CLOSED,45:35.1,FALSE,,FALSE,,,16:57.8,04:43.8,16.3,23.5,0,FALSE,Met,Cancelled,,,
TCK-20260228-0072,26:55.3,Vendor payment delayed,Vendor payment delayed,Requester_31,BMM Project,user71@example.org,Vendor-related request,,Urgent,Vendor-related request,Procurement Service Unit,Processor_2,CLOSED,04:49.5,FALSE,,FALSE,,,19:02.1,01:16.1,11.6,16.2,0,FALSE,Met,Resolved as requested,,,
TCK-20260709-0073,26:55.3,Request contract amendment,Request contract amendment,Requester_16,BMM Project,user72@example.org,Contract-related request,,Normal,Contract-related request,Contracts Service Unit,Processor_9,CLOSED,01:28.4,FALSE,,TRUE,,,07:21.5,04:04.6,9.6,59.1,0,FALSE,Met,Resolved with alternative,,,
TCK-20260610-0074,26:55.3,Access issue with reporting tool,Access issue with reporting tool,Requester_38,HR Unit,user73@example.org,System or administrative issue,,Normal,System or administrative issue,IT / Admin Service Unit,Processor_5,CLOSED,06:50.6,TRUE,,FALSE,,,45:10.3,08:17.4,3.7,44.6,1,FALSE,Met,Resolved as requested,,,
TCK-20260410-0075,26:55.3,Review draft service contract,Review draft service contract,Requester_11,Digital Health Dept.,user74@example.org,Contract-related request,,High,Contract-related request,Contracts Service Unit,Processor_3,CLOSED,52:59.5,FALSE,,TRUE,,,45:40.0,21:40.9,14.4,29.9,0,FALSE,Met,Cancelled,,,
TCK-20260429-0076,26:55.3,Not sure about required documents,Not sure about required documents,Requester_19,Finance Unit,user75@example.org,Clarification request,,Normal,Clarification request,Relevant Service Unit,Processor_2,CLOSED,56:45.0,FALSE,,FALSE,,,06:09.4,21:09.2,2.5,26.2,0,FALSE,Met,Resolved with alternative,,,
TCK-20260704-0077,26:55.3,Clarification needed on last approval,Clarification needed on last approval,Requester_18,Social Transformation Cluster,user76@example.org,Clarification request,,High,Clarification request,Relevant Service Unit,Processor_2,CLOSED,11:58.0,FALSE,,FALSE,,,04:31.3,18:21.0,11.8,54.9,0,FALSE,Met,Rejected,,,
TCK-20260614-0078,26:55.3,Clarification needed on last approval,Clarification needed on last approval,Requester_26,Health Programme,user77@example.org,Clarification request,,Normal,Clarification request,Relevant Service Unit,Processor_9,CLOSED,46:49.1,FALSE,,FALSE,,,19:53.5,24:00.0,6.3,17.6,0,FALSE,Met,Resolved as requested,,,
TCK-20260719-0079,26:55.3,Not sure about required documents,Not sure about required documents,Requester_15,EnDev Project,user78@example.org,Clarification request,,Normal,Clarification request,Relevant Service Unit,Processor_11,IN PROCESS,38:27.8,TRUE,,FALSE,,,,,8.2,61.4,1,FALSE,Met,,,,
TCK-20260615-0080,26:55.3,Request quotation for office supplies,Request quotation for office supplies,Requester_18,Social Transformation Cluster,user79@example.org,Procurement-related request,,High,Procurement-related request,Procurement Service Unit,Processor_10,CLOSED,30:17.2,FALSE,,TRUE,,,51:52.8,35:32.3,27.1,30.4,0,FALSE,Met,Resolved as requested,,,
TCK-20260530-0081,26:55.3,Not sure about required documents,Not sure about required documents,Requester_7,Social Transformation Cluster,user80@example.org,Clarification request,,Normal,Clarification request,Relevant Service Unit,Processor_6,CLOSED,11:34.0,FALSE,,FALSE,,,48:57.6,12:42.4,3.7,51.6,0,FALSE,Met,Cancelled,,,
TCK-20260610-0082,26:55.3,System login error,System login error,Requester_21,BMM Project,user81@example.org,System or administrative issue,,Normal,System or administrative issue,IT / Admin Service Unit,Processor_7,RECEIVED,25:08.7,FALSE,,FALSE,,,,,42,88.9,0,FALSE,Met,,,,
TCK-20260530-0083,26:55.3,Miscellaneous support needed,Miscellaneous support needed,Requester_24,Finance Unit,user82@example.org,Other service-related request,,Normal,Other service-related request,General Services Unit,Processor_11,CLOSED,06:24.2,FALSE,,FALSE,,,53:10.1,04:23.6,2.7,29.8,0,FALSE,Met,Rejected,,,
TCK-20260429-0084,26:55.3,System login error,System login error,Requester_32,BMM Project,user83@example.org,System or administrative issue,,Urgent,System or administrative issue,IT / Admin Service Unit,Processor_1,IN PROCESS,18:12.1,FALSE,,FALSE,,,,,6.9,24.5,0,FALSE,Breached,,,,
TCK-20260327-0085,26:55.3,Review draft service contract,Review draft service contract,Requester_36,HR Unit,user84@example.org,Contract-related request,,High,Contract-related request,Contracts Service Unit,Processor_2,CLOSED,17:39.8,FALSE,,TRUE,,,42:02.4,03:10.8,4.8,38.4,0,FALSE,Met,Resolved as requested,,,
TCK-20260730-0086,26:55.3,Clarification needed on last approval,Clarification needed on last approval,Requester_19,Health Programme,user85@example.org,Clarification request,,Normal,Clarification request,Relevant Service Unit,Processor_7,ASSIGNED,49:25.1,TRUE,,FALSE,,,,,5.4,26.7,1,FALSE,Met,,,,
TCK-20260706-0087,26:55.3,Extension of grant agreement needed,Extension of grant agreement needed,Requester_39,Social Transformation Cluster,user86@example.org,Contract-related request,,Normal,Contract-related request,Contracts Service Unit,Processor_2,CLOSED,16:32.3,FALSE,,TRUE,,,36:12.7,46:25.2,14.8,46.3,0,FALSE,Met,Cancelled,,,
TCK-20260423-0088,26:55.3,Vendor performance issue,Vendor performance issue,Requester_20,Finance Unit,user87@example.org,Vendor-related request,,Normal,Vendor-related request,Procurement Service Unit,Processor_3,CLOSED,40:44.0,FALSE,,FALSE,,,50:20.9,58:44.4,2.2,44.2,0,FALSE,Met,Rejected,,,
TCK-20260522-0089,26:55.3,Admin portal not working,Admin portal not working,Requester_13,Digital Health Dept.,user88@example.org,System or administrative issue,,Urgent,System or administrative issue,IT / Admin Service Unit,Processor_10,CLOSED,49:13.3,FALSE,,FALSE,,,11:13.2,52:31.0,10.4,28.4,0,FALSE,Breached,Cancelled,,,
TCK-20260616-0090,26:55.3,Purchase field survey tablets,Purchase field survey tablets,Requester_25,HR Unit,user89@example.org,Procurement-related request,,Urgent,Procurement-related request,Procurement Service Unit,Processor_11,PENDING APPROVAL,49:37.3,FALSE,,TRUE,,,,,5.4,38.6,0,TRUE,Breached,,,,
TCK-20260224-0091,26:55.3,Extension of grant agreement needed,Extension of grant agreement needed,Requester_38,SEFFA,user90@example.org,Contract-related request,,Normal,Contract-related request,Contracts Service Unit,Processor_2,ASSIGNED,08:04.3,TRUE,,TRUE,,,,,10.7,43,1,FALSE,Met,,,,
TCK-20260218-0092,26:55.3,Tender for vehicle maintenance,Tender for vehicle maintenance,Requester_10,BMM Project,user91@example.org,Procurement-related request,,Normal,Procurement-related request,Procurement Service Unit,Processor_8,CLARIFICATION REQUIRED,43:59.5,TRUE,,TRUE,,,,,15.3,95.3,1,FALSE,Met,,,,
TCK-20260811-0093,26:55.3,Vendor performance issue,Vendor performance issue,Requester_22,HR Unit,user92@example.org,Vendor-related request,,High,Vendor-related request,Procurement Service Unit,Processor_6,CLOSED,56:14.8,FALSE,,FALSE,,,58:07.2,22:47.2,22.5,43,0,FALSE,Met,Cancelled,,,
TCK-20260722-0094,26:55.3,System login error,System login error,Requester_19,Digital Health Dept.,user93@example.org,System or administrative issue,,Normal,System or administrative issue,IT / Admin Service Unit,Processor_12,CLOSED,14:04.0,TRUE,,FALSE,,,42:24.5,12:30.8,4.8,48.5,1,FALSE,Met,Resolved as requested,,,
TCK-20260811-0095,26:55.3,Clarification needed on last approval,Clarification needed on last approval,Requester_3,SEFFA,user94@example.org,Clarification request,,Urgent,Clarification request,Relevant Service Unit,Processor_1,CLOSED,48:41.9,TRUE,,FALSE,,,13:22.0,50:38.8,2.4,78.4,1,FALSE,Breached,Resolved with alternative,,,
TCK-20260531-0096,26:55.3,Review draft service contract,Review draft service contract,Requester_12,Social Transformation Cluster,user95@example.org,Contract-related request,,High,Contract-related request,Contracts Service Unit,Processor_3,CLOSED,05:52.3,FALSE,,TRUE,,,24:03.7,25:49.2,10.6,53.3,0,FALSE,Met,Resolved with alternative,,,
TCK-20260415-0097,26:55.3,Clarification needed on last approval,Clarification needed on last approval,Requester_30,Health Programme,user96@example.org,Clarification request,,High,Clarification request,Relevant Service Unit,Processor_11,CLOSED,38:11.8,TRUE,,FALSE,,,51:02.2,21:25.8,14.2,78.2,1,FALSE,Breached,Rejected,,,
TCK-20260305-0098,26:55.3,General office request,General office request,Requester_38,Health Programme,user97@example.org,Other service-related request,,Urgent,Other service-related request,General Services Unit,Processor_11,PENDING APPROVAL,23:05.4,TRUE,,FALSE,,,,,6.9,83.3,1,TRUE,Breached,,,,
TCK-20260503-0099,26:55.3,Onboard new vendor for logistics,Onboard new vendor for logistics,Requester_31,BMM Project,user98@example.org,Vendor-related request,,Urgent,Vendor-related request,Procurement Service Unit,Processor_4,CLOSED,34:21.7,TRUE,,FALSE,,,51:05.6,06:27.5,5.1,22.3,1,FALSE,Met,Rejected,,,
TCK-20260220-0100,26:55.3,Miscellaneous support needed,Miscellaneous support needed,Requester_1,EnDev Project,user99@example.org,Other service-related request,,Normal,Other service-related request,General Services Unit,Processor_10,CLOSED,05:15.2,FALSE,,FALSE,,,35:20.9,44:39.9,0.6,90.5,0,FALSE,Met,Rejected,,,
TCK-20260516-0101,26:55.3,Review draft service contract,Review draft service contract,Requester_40,Health Programme,user100@example.org,Contract-related request,,High,Contract-related request,Contracts Service Unit,Processor_11,CLOSED,19:12.8,TRUE,,TRUE,,,38:27.8,17:34.4,10.9,67.3,1,FALSE,Met,Resolved with alternative,,,
TCK-20260725-0102,26:55.3,General office request,General office request,Requester_29,EnDev Project,user101@example.org,Other service-related request,,Normal,Other service-related request,General Services Unit,Processor_10,CLOSED,57:48.3,TRUE,,FALSE,,,06:18.6,07:39.5,3.5,29.1,1,FALSE,Met,Rejected,,,
TCK-20260601-0103,26:55.3,Vendor performance issue,Vendor performance issue,Requester_35,SEFFA,user102@example.org,Vendor-related request,,Normal,Vendor-related request,Procurement Service Unit,Processor_9,CLOSED,53:11.7,FALSE,,FALSE,,,08:49.8,24:55.1,10.4,59.3,0,FALSE,Met,Resolved with alternative,,,
TCK-20260501-0104,26:55.3,Onboard new vendor for logistics,Onboard new vendor for logistics,Requester_8,Finance Unit,user103@example.org,Vendor-related request,,Urgent,Vendor-related request,Procurement Service Unit,Processor_2,CLOSED,34:46.5,FALSE,,FALSE,,,12:16.8,26:03.0,6.1,48.6,0,FALSE,Breached,Cancelled,,,
TCK-20260310-0105,26:55.3,Access issue with reporting tool,Access issue with reporting tool,Requester_35,BMM Project,user104@example.org,System or administrative issue,,Normal,System or administrative issue,IT / Admin Service Unit,Processor_8,CLOSED,04:00.1,FALSE,,FALSE,,,56:46.7,10:24.9,7.6,71.9,0,FALSE,Met,Rejected,,,
TCK-20260728-0106,26:55.3,Access issue with reporting tool,Access issue with reporting tool,Requester_15,Finance Unit,user105@example.org,System or administrative issue,,Normal,System or administrative issue,IT / Admin Service Unit,Processor_1,CLOSED,18:56.9,FALSE,,FALSE,,,52:19.1,33:53.5,2.9,72.6,0,FALSE,Met,Rejected,,,
TCK-20260729-0107,26:55.3,System login error,System login error,Requester_30,Health Programme,user106@example.org,System or administrative issue,,High,System or administrative issue,IT / Admin Service Unit,Processor_11,CLOSED,30:25.7,TRUE,,FALSE,,,54:48.5,07:42.0,8.1,35.4,2,FALSE,Met,Resolved as requested,,,
TCK-20260315-0108,26:55.3,Onboard new vendor for logistics,Onboard new vendor for logistics,Requester_35,Social Transformation Cluster,user107@example.org,Vendor-related request,,Normal,Vendor-related request,Procurement Service Unit,Processor_7,CLOSED,39:00.8,TRUE,,FALSE,,,39:00.1,04:16.3,11.2,38,1,FALSE,Met,Cancelled,,,
TCK-20260326-0109,26:55.3,Admin portal not working,Admin portal not working,Requester_32,HR Unit,user108@example.org,System or administrative issue,,High,System or administrative issue,IT / Admin Service Unit,Processor_5,CLOSED,52:51.5,FALSE,,FALSE,,,45:21.3,16:41.2,5.4,33.9,0,FALSE,Met,Cancelled,,,
TCK-20260517-0110,26:55.3,Clarification needed on last approval,Clarification needed on last approval,Requester_24,SEFFA,user109@example.org,Clarification request,,Urgent,Clarification request,Relevant Service Unit,Processor_1,CLOSED,35:18.3,FALSE,,FALSE,,,22:53.2,44:49.3,3.1,12.8,0,FALSE,Met,Resolved as requested,,,
TCK-20260803-0111,26:55.3,Clarification needed on last approval,Clarification needed on last approval,Requester_39,EnDev Project,user110@example.org,Clarification request,,High,Clarification request,Relevant Service Unit,Processor_1,UNDER REVIEW,35:18.3,FALSE,,FALSE,,,,,19.1,72.4,0,FALSE,Breached,,,,
TCK-20260407-0112,26:55.3,Review draft service contract,Review draft service contract,Requester_36,Digital Health Dept.,user111@example.org,Contract-related request,,High,Contract-related request,Contracts Service Unit,Processor_10,CLOSED,28:21.5,FALSE,,TRUE,,,25:41.3,25:52.1,9,32,0,FALSE,Met,Rejected,,,
TCK-20260215-0113,26:55.3,Review draft service contract,Review draft service contract,Requester_10,Social Transformation Cluster,user112@example.org,Contract-related request,,Urgent,Contract-related request,Contracts Service Unit,Processor_9,CLOSED,54:18.6,FALSE,,TRUE,,,47:37.1,48:25.4,7.5,57.9,0,FALSE,Breached,Resolved as requested,,,
TCK-20260517-0114,26:55.3,Request contract amendment,Request contract amendment,Requester_2,Social Transformation Cluster,user113@example.org,Contract-related request,,High,Contract-related request,Contracts Service Unit,Processor_5,CLOSED,17:31.5,FALSE,,TRUE,,,52:28.8,56:03.1,30.8,47.6,0,FALSE,Met,Resolved as requested,,,
TCK-20260616-0115,26:55.3,General office request,General office request,Requester_33,BMM Project,user114@example.org,Other service-related request,,High,Other service-related request,General Services Unit,Processor_8,CLOSED,26:53.4,FALSE,,FALSE,,,15:35.6,00:16.0,3,69.8,0,FALSE,Met,Resolved as requested,,,
TCK-20260612-0116,26:55.3,Miscellaneous support needed,Miscellaneous support needed,Requester_4,Finance Unit,user115@example.org,Other service-related request,,Urgent,Other service-related request,General Services Unit,Processor_7,CLOSED,12:38.9,FALSE,,FALSE,,,59:18.2,28:17.4,9.8,41.8,0,FALSE,Breached,Cancelled,,,
TCK-20260508-0117,26:55.3,Need to procure IT equipment,Need to procure IT equipment,Requester_9,Health Programme,user116@example.org,Procurement-related request,,Normal,Procurement-related request,Procurement Service Unit,Processor_10,CLOSED,49:53.3,FALSE,,TRUE,,,59:16.4,36:00.3,11.4,35.2,0,FALSE,Met,Rejected,,,
TCK-20260611-0118,26:55.3,Not sure about required documents,Not sure about required documents,Requester_7,BMM Project,user117@example.org,Clarification request,,High,Clarification request,Relevant Service Unit,Processor_11,CLOSED,21:41.2,TRUE,,FALSE,,,37:10.6,18:20.7,14.9,72.3,1,FALSE,Breached,Resolved with alternative,,,
TCK-20260414-0119,26:55.3,Not sure about required documents,Not sure about required documents,Requester_30,HR Unit,user118@example.org,Clarification request,,Normal,Clarification request,Relevant Service Unit,Processor_7,CLOSED,53:35.3,FALSE,,FALSE,,,05:29.1,16:48.1,1.4,12.2,0,FALSE,Met,Rejected,,,
TCK-20260521-0120,26:55.3,Miscellaneous support needed,Miscellaneous support needed,Requester_31,BMM Project,user119@example.org,Other service-related request,,High,Other service-related request,General Services Unit,Processor_2,RECEIVED,04:00.9,FALSE,,FALSE,,,,,11.6,25.9,0,FALSE,Met,,,,
TCK-20260521-0121,26:55.3,Clarification needed on last approval,Clarification needed on last approval,Requester_38,SEFFA,user120@example.org,Clarification request,,High,Clarification request,Relevant Service Unit,Processor_11,CLOSED,45:00.4,TRUE,,FALSE,,,35:02.9,43:00.8,4.3,121.8,1,FALSE,Breached,Cancelled,,,
TCK-20260429-0122,26:55.3,General office request,General office request,Requester_7,Digital Health Dept.,user121@example.org,Other service-related request,,Normal,Other service-related request,General Services Unit,Processor_3,CLOSED,41:36.5,FALSE,,FALSE,,,07:10.3,16:37.8,2.2,52.4,0,FALSE,Met,Resolved as requested,,,
TCK-20260519-0123,26:55.3,Vendor performance issue,Vendor performance issue,Requester_37,Digital Health Dept.,user122@example.org,Vendor-related request,,High,Vendor-related request,Procurement Service Unit,Processor_7,IN PROCESS,10:48.4,FALSE,,FALSE,,,,,9.7,77,0,FALSE,Breached,,,,
TCK-20260729-0124,26:55.3,Admin portal not working,Admin portal not working,Requester_18,EnDev Project,user123@example.org,System or administrative issue,,Normal,System or administrative issue,IT / Admin Service Unit,Processor_3,CLOSED,10:02.9,FALSE,,FALSE,,,21:14.6,53:22.1,14.7,31.2,0,FALSE,Met,Rejected,,,
TCK-20260402-0125,26:55.3,Vendor payment delayed,Vendor payment delayed,Requester_26,BMM Project,user124@example.org,Vendor-related request,,High,Vendor-related request,Procurement Service Unit,Processor_3,CLOSED,52:59.3,FALSE,,FALSE,,,27:29.3,48:35.2,9.4,47.6,0,FALSE,Met,Resolved as requested,,,
TCK-20260522-0126,26:55.3,General office request,General office request,Requester_11,SEFFA,user125@example.org,Other service-related request,,Normal,Other service-related request,General Services Unit,Processor_5,CLOSED,02:49.5,TRUE,,FALSE,,,27:48.4,19:50.4,15.6,59.4,1,FALSE,Met,Resolved as requested,,,
TCK-20260327-0127,26:55.3,Request quotation for office supplies,Request quotation for office supplies,Requester_6,Health Programme,user126@example.org,Procurement-related request,,Normal,Procurement-related request,Procurement Service Unit,Processor_8,CLOSED,08:42.9,TRUE,,TRUE,,,44:13.1,54:25.9,11.7,57.6,1,FALSE,Met,Cancelled,,,
TCK-20260411-0128,26:55.3,Not sure about required documents,Not sure about required documents,Requester_28,BMM Project,user127@example.org,Clarification request,,Normal,Clarification request,Relevant Service Unit,Processor_5,CLOSED,59:30.4,FALSE,,FALSE,,,54:35.2,33:06.8,21.5,46.9,0,FALSE,Met,Rejected,,,
TCK-20260527-0129,26:55.3,Request quotation for office supplies,Request quotation for office supplies,Requester_14,Health Programme,user128@example.org,Procurement-related request,,Normal,Procurement-related request,Procurement Service Unit,Processor_4,CLOSED,16:42.0,FALSE,,TRUE,,,06:59.5,41:32.0,6.8,19.8,0,FALSE,Met,Rejected,,,
TCK-20260216-0130,26:55.3,Vendor payment delayed,Vendor payment delayed,Requester_12,Social Transformation Cluster,user129@example.org,Vendor-related request,,High,Vendor-related request,Procurement Service Unit,Processor_7,CLOSED,59:49.1,FALSE,,FALSE,,,28:58.3,46:31.4,13.5,19.5,0,FALSE,Met,Rejected,,,
TCK-20260225-0131,26:55.3,Tender for vehicle maintenance,Tender for vehicle maintenance,Requester_5,SEFFA,user130@example.org,Procurement-related request,,Normal,Procurement-related request,Procurement Service Unit,Processor_10,CLOSED,02:37.8,TRUE,,TRUE,,,33:32.6,51:38.8,18.6,72.5,1,FALSE,Met,Cancelled,,,
TCK-20260528-0132,26:55.3,Vendor payment delayed,Vendor payment delayed,Requester_11,Finance Unit,user131@example.org,Vendor-related request,,Urgent,Vendor-related request,Procurement Service Unit,Processor_12,RECEIVED,13:50.3,FALSE,,FALSE,,,,,22.8,39.8,0,TRUE,Breached,,,,
TCK-20260418-0133,26:55.3,Clarification needed on last approval,Clarification needed on last approval,Requester_34,BMM Project,user132@example.org,Clarification request,,High,Clarification request,Relevant Service Unit,Processor_7,PENDING APPROVAL,27:34.8,FALSE,,FALSE,,,,,26,48.1,0,FALSE,Met,,,,
TCK-20260511-0134,26:55.3,Vendor payment delayed,Vendor payment delayed,Requester_8,Digital Health Dept.,user133@example.org,Vendor-related request,,Normal,Vendor-related request,Procurement Service Unit,Processor_6,CLOSED,42:14.9,FALSE,,FALSE,,,22:11.0,24:31.9,1.3,12.7,0,FALSE,Met,Resolved with alternative,,,
TCK-20260324-0135,26:55.3,Request contract amendment,Request contract amendment,Requester_39,Social Transformation Cluster,user134@example.org,Contract-related request,,Normal,Contract-related request,Contracts Service Unit,Processor_11,CLOSED,52:51.8,FALSE,,TRUE,,,56:23.1,49:10.1,8.4,59.1,0,FALSE,Met,Cancelled,,,
TCK-20260808-0136,26:55.3,Not sure about required documents,Not sure about required documents,Requester_40,SEFFA,user135@example.org,Clarification request,,High,Clarification request,Relevant Service Unit,Processor_11,CLOSED,57:06.2,TRUE,,FALSE,,,31:51.5,38:43.8,6.5,58.6,1,FALSE,Met,Cancelled,,,
TCK-20260426-0137,26:55.3,Not sure about required documents,Not sure about required documents,Requester_33,BMM Project,user136@example.org,Clarification request,,Normal,Clarification request,Relevant Service Unit,Processor_5,CLOSED,38:50.0,TRUE,,FALSE,,,52:52.3,44:46.2,6.2,30.2,1,FALSE,Met,Rejected,,,
TCK-20260729-0138,26:55.3,Vendor payment delayed,Vendor payment delayed,Requester_33,HR Unit,user137@example.org,Vendor-related request,,High,Vendor-related request,Procurement Service Unit,Processor_8,CLOSED,15:02.7,FALSE,,FALSE,,,30:01.4,26:51.7,4.8,34.2,0,FALSE,Met,Resolved as requested,,,
TCK-20260508-0139,26:55.3,Clarification needed on last approval,Clarification needed on last approval,Requester_10,EnDev Project,user138@example.org,Clarification request,,Normal,Clarification request,Relevant Service Unit,Processor_8,CLOSED,16:10.4,FALSE,,FALSE,,,10:56.3,51:44.0,12.8,19.9,0,FALSE,Met,Rejected,,,
TCK-20260624-0140,26:55.3,General office request,General office request,Requester_16,Finance Unit,user139@example.org,Other service-related request,,Normal,Other service-related request,General Services Unit,Processor_8,CLOSED,14:49.0,FALSE,,FALSE,,,34:36.9,36:08.8,4.8,31.3,0,FALSE,Met,Rejected,,,
TCK-20260525-0141,26:55.3,Onboard new vendor for logistics,Onboard new vendor for logistics,Requester_39,EnDev Project,user140@example.org,Vendor-related request,,High,Vendor-related request,Procurement Service Unit,Processor_11,CLOSED,46:02.7,TRUE,,FALSE,,,28:02.0,58:59.5,22.3,81.7,1,FALSE,Breached,Resolved as requested,,,
TCK-20260524-0142,26:55.3,Admin portal not working,Admin portal not working,Requester_39,Social Transformation Cluster,user141@example.org,System or administrative issue,,Normal,System or administrative issue,IT / Admin Service Unit,Processor_6,CLOSED,25:31.8,TRUE,,FALSE,,,06:19.9,22:07.0,12,67.7,1,FALSE,Met,Rejected,,,
TCK-20260812-0143,26:55.3,Vendor performance issue,Vendor performance issue,Requester_39,BMM Project,user142@example.org,Vendor-related request,,Normal,Vendor-related request,Procurement Service Unit,Processor_5,CLOSED,54:54.5,FALSE,,FALSE,,,47:23.3,35:24.5,14.5,31.9,0,FALSE,Met,Rejected,,,
TCK-20260813-0144,26:55.3,Review draft service contract,Review draft service contract,Requester_34,BMM Project,user143@example.org,Contract-related request,,Urgent,Contract-related request,Contracts Service Unit,Processor_11,CLOSED,50:44.6,FALSE,,TRUE,,,28:55.8,10:38.6,7.4,22.6,0,FALSE,Met,Resolved as requested,,,
TCK-20260402-0145,26:55.3,Onboard new vendor for logistics,Onboard new vendor for logistics,Requester_32,Digital Health Dept.,user144@example.org,Vendor-related request,,Normal,Vendor-related request,Procurement Service Unit,Processor_4,UNDER REVIEW,58:48.4,FALSE,,FALSE,,,,,23.5,50.6,0,FALSE,Met,,,,
TCK-20260312-0146,26:55.3,Purchase field survey tablets,Purchase field survey tablets,Requester_34,EnDev Project,user145@example.org,Procurement-related request,,High,Procurement-related request,Procurement Service Unit,Processor_11,CLOSED,04:34.0,TRUE,,TRUE,,,23:10.5,00:40.8,26.6,69.3,1,FALSE,Met,Resolved with alternative,,,
TCK-20260326-0147,26:55.3,Access issue with reporting tool,Access issue with reporting tool,Requester_40,Social Transformation Cluster,user146@example.org,System or administrative issue,,Normal,System or administrative issue,IT / Admin Service Unit,Processor_12,CLOSED,46:10.0,FALSE,,FALSE,,,43:38.8,10:37.9,12.3,42,0,FALSE,Met,Resolved with alternative,,,
TCK-20260609-0148,26:55.3,Not sure about required documents,Not sure about required documents,Requester_20,Finance Unit,user147@example.org,Clarification request,,Normal,Clarification request,Relevant Service Unit,Processor_4,CLOSED,53:33.0,FALSE,,FALSE,,,57:27.6,44:30.0,7.4,37.1,0,FALSE,Met,Cancelled,,,
TCK-20260523-0149,26:55.3,Not sure about required documents,Not sure about required documents,Requester_11,Digital Health Dept.,user148@example.org,Clarification request,,Normal,Clarification request,Relevant Service Unit,Processor_10,CLOSED,39:51.8,FALSE,,FALSE,,,27:49.0,12:49.3,13.2,37.8,0,FALSE,Met,Cancelled,,,
TCK-20260313-0150,26:55.3,Vendor performance issue,Vendor performance issue,Requester_8,Health Programme,user149@example.org,Vendor-related request,,High,Vendor-related request,Procurement Service Unit,Processor_2,CLOSED,37:08.1,FALSE,,FALSE,,,18:21.3,34:48.5,7.2,41.7,0,FALSE,Met,Resolved with alternative,,,
TCK-20260412-0151,26:55.3,Clarification needed on last approval,Clarification needed on last approval,Requester_2,HR Unit,user150@example.org,Clarification request,,Urgent,Clarification request,Relevant Service Unit,Processor_1,CLOSED,27:30.7,FALSE,,FALSE,,,56:36.9,32:41.0,12,30.5,0,FALSE,Breached,Cancelled,,,
TCK-20260412-0152,26:55.3,Purchase field survey tablets,Purchase field survey tablets,Requester_7,SEFFA,user151@example.org,Procurement-related request,,Normal,Procurement-related request,Procurement Service Unit,Processor_3,CLOSED,56:08.5,FALSE,,TRUE,,,18:40.4,54:34.0,3.5,20.4,0,FALSE,Met,Cancelled,,,
TCK-20260814-0153,26:55.3,General office request,General office request,Requester_1,BMM Project,user152@example.org,Other service-related request,,Normal,Other service-related request,General Services Unit,Processor_1,CLOSED,25:52.0,FALSE,,FALSE,,,48:29.2,00:44.1,13,58.4,0,FALSE,Met,Cancelled,,,
TCK-20260416-0154,26:55.3,Purchase field survey tablets,Purchase field survey tablets,Requester_16,HR Unit,user153@example.org,Procurement-related request,,Normal,Procurement-related request,Procurement Service Unit,Processor_11,ASSIGNED,41:10.9,TRUE,,TRUE,,,,,12.2,56.5,1,FALSE,Met,,,,
TCK-20260622-0155,26:55.3,Need to procure IT equipment,Need to procure IT equipment,Requester_33,Digital Health Dept.,user154@example.org,Procurement-related request,,Normal,Procurement-related request,Procurement Service Unit,Processor_12,CLOSED,40:54.3,TRUE,,TRUE,,,42:15.8,34:36.8,24.2,96,1,FALSE,Met,Rejected,,,
TCK-20260601-0156,26:55.3,Review draft service contract,Review draft service contract,Requester_6,SEFFA,user155@example.org,Contract-related request,,High,Contract-related request,Contracts Service Unit,Processor_2,IN PROCESS,38:36.8,FALSE,,TRUE,,,,,13.2,29.3,0,FALSE,Met,,,,
TCK-20260705-0157,26:55.3,Admin portal not working,Admin portal not working,Requester_31,EnDev Project,user156@example.org,System or administrative issue,,Normal,System or administrative issue,IT / Admin Service Unit,Processor_11,CLOSED,02:47.7,FALSE,,FALSE,,,02:24.6,37:34.0,5.6,28,0,FALSE,Met,Resolved as requested,,,
TCK-20260514-0158,26:55.3,Vendor payment delayed,Vendor payment delayed,Requester_7,SEFFA,user157@example.org,Vendor-related request,,High,Vendor-related request,Procurement Service Unit,Processor_3,CLOSED,25:27.5,FALSE,,FALSE,,,45:39.9,19:09.9,44,63.3,0,FALSE,Met,Resolved with alternative,,,
TCK-20260812-0159,26:55.3,Miscellaneous support needed,Miscellaneous support needed,Requester_9,BMM Project,user158@example.org,Other service-related request,,High,Other service-related request,General Services Unit,Processor_12,CLOSED,05:01.2,FALSE,,FALSE,,,59:09.4,30:45.3,9.6,97.9,0,FALSE,Breached,Rejected,,,
TCK-20260406-0160,26:55.3,Request contract amendment,Request contract amendment,Requester_20,HR Unit,user159@example.org,Contract-related request,,Normal,Contract-related request,Contracts Service Unit,Processor_9,CLOSED,04:50.9,FALSE,,TRUE,,,59:57.4,50:29.6,4.6,31.9,0,FALSE,Met,Resolved with alternative,,,
TCK-20260227-0161,26:55.3,Onboard new vendor for logistics,Onboard new vendor for logistics,Requester_8,SEFFA,user160@example.org,Vendor-related request,,Normal,Vendor-related request,Procurement Service Unit,Processor_7,PENDING APPROVAL,25:31.9,TRUE,,FALSE,,,,,8,36.6,1,FALSE,Met,,,,
TCK-20260512-0162,26:55.3,Not sure about required documents,Not sure about required documents,Requester_32,SEFFA,user161@example.org,Clarification request,,Normal,Clarification request,Relevant Service Unit,Processor_9,CLOSED,04:29.4,TRUE,,FALSE,,,01:33.2,55:33.4,31.6,92,1,FALSE,Met,Cancelled,,,
TCK-20260719-0163,26:55.3,Tender for vehicle maintenance,Tender for vehicle maintenance,Requester_21,BMM Project,user162@example.org,Procurement-related request,,Normal,Procurement-related request,Procurement Service Unit,Processor_2,CLOSED,50:57.6,FALSE,,TRUE,,,48:46.6,36:45.6,6.4,30,0,FALSE,Met,Cancelled,,,
TCK-20260604-0164,26:55.3,Admin portal not working,Admin portal not working,Requester_23,Finance Unit,user163@example.org,System or administrative issue,,High,System or administrative issue,IT / Admin Service Unit,Processor_1,CLOSED,51:02.9,FALSE,,FALSE,,,24:04.5,22:05.6,7.4,37.6,0,FALSE,Met,Cancelled,,,
TCK-20260228-0165,26:55.3,Vendor performance issue,Vendor performance issue,Requester_26,SEFFA,user164@example.org,Vendor-related request,,High,Vendor-related request,Procurement Service Unit,Processor_9,PENDING APPROVAL,06:26.1,FALSE,,FALSE,,,,,13.7,51.8,0,FALSE,Met,,,,
TCK-20260323-0166,26:55.3,Request contract amendment,Request contract amendment,Requester_29,EnDev Project,user165@example.org,Contract-related request,,High,Contract-related request,Contracts Service Unit,Processor_3,CLOSED,29:33.1,FALSE,,TRUE,,,31:43.6,26:04.7,17,55,0,FALSE,Met,Rejected,,,
TCK-20260709-0167,26:55.3,Onboard new vendor for logistics,Onboard new vendor for logistics,Requester_29,SEFFA,user166@example.org,Vendor-related request,,High,Vendor-related request,Procurement Service Unit,Processor_6,CLOSED,35:04.6,TRUE,,FALSE,,,13:34.6,59:40.7,8.1,17.6,1,FALSE,Met,Resolved with alternative,,,
TCK-20260527-0168,26:55.3,Access issue with reporting tool,Access issue with reporting tool,Requester_16,BMM Project,user167@example.org,System or administrative issue,,High,System or administrative issue,IT / Admin Service Unit,Processor_1,CLOSED,57:52.3,FALSE,,FALSE,,,58:58.2,27:39.0,4.5,35,0,FALSE,Met,Cancelled,,,
TCK-20260423-0169,26:55.3,System login error,System login error,Requester_14,Health Programme,user168@example.org,System or administrative issue,,High,System or administrative issue,IT / Admin Service Unit,Processor_12,ASSIGNED,20:50.2,FALSE,,FALSE,,,,,20.9,46.9,0,FALSE,Met,,,,
TCK-20260320-0170,26:55.3,Request contract amendment,Request contract amendment,Requester_29,BMM Project,user169@example.org,Contract-related request,,Normal,Contract-related request,Contracts Service Unit,Processor_11,CLARIFICATION REQUIRED,54:09.4,FALSE,,TRUE,,,,,11.5,29.2,0,FALSE,Met,,,,
TCK-20260303-0171,26:55.3,Miscellaneous support needed,Miscellaneous support needed,Requester_20,Social Transformation Cluster,user170@example.org,Other service-related request,,Normal,Other service-related request,General Services Unit,Processor_12,CLOSED,45:46.9,FALSE,,FALSE,,,12:40.9,18:59.1,6.3,23.4,0,FALSE,Met,Resolved with alternative,,,
TCK-20260412-0172,26:55.3,Vendor performance issue,Vendor performance issue,Requester_9,Digital Health Dept.,user171@example.org,Vendor-related request,,Urgent,Vendor-related request,Procurement Service Unit,Processor_8,CLOSED,03:47.5,FALSE,,FALSE,,,50:46.7,35:19.7,9.6,59.8,0,FALSE,Breached,Rejected,,,
TCK-20260720-0173,26:55.3,Clarification needed on last approval,Clarification needed on last approval,Requester_26,Finance Unit,user172@example.org,Clarification request,,Normal,Clarification request,Relevant Service Unit,Processor_9,CLOSED,23:56.3,FALSE,,FALSE,,,49:07.2,14:08.3,3,53.4,0,FALSE,Met,Resolved as requested,,,
TCK-20260728-0174,26:55.3,Extension of grant agreement needed,Extension of grant agreement needed,Requester_34,SEFFA,user173@example.org,Contract-related request,,Normal,Contract-related request,Contracts Service Unit,Processor_3,IN PROCESS,29:01.1,FALSE,,TRUE,,,,,8,54.5,0,FALSE,Met,,,,
TCK-20260320-0175,26:55.3,General office request,General office request,Requester_4,BMM Project,user174@example.org,Other service-related request,,Normal,Other service-related request,General Services Unit,Processor_9,CLOSED,09:35.7,FALSE,,FALSE,,,58:15.1,45:28.7,26.7,69.8,0,FALSE,Met,Rejected,,,
TCK-20260514-0176,26:55.3,General office request,General office request,Requester_6,Health Programme,user175@example.org,Other service-related request,,Urgent,Other service-related request,General Services Unit,Processor_4,CLOSED,13:18.0,TRUE,,FALSE,,,13:36.4,53:46.1,22.8,86,1,FALSE,Breached,Resolved with alternative,,,
TCK-20260722-0177,26:55.3,Miscellaneous support needed,Miscellaneous support needed,Requester_11,Social Transformation Cluster,user176@example.org,Other service-related request,,Normal,Other service-related request,General Services Unit,Processor_3,CLOSED,54:15.4,TRUE,,FALSE,,,26:58.9,01:27.3,9.5,47.5,1,FALSE,Met,Rejected,,,
TCK-20260221-0178,26:55.3,System login error,System login error,Requester_37,Health Programme,user177@example.org,System or administrative issue,,Normal,System or administrative issue,IT / Admin Service Unit,Processor_11,CLOSED,23:00.3,FALSE,,FALSE,,,55:18.2,04:51.2,3.9,48.5,0,FALSE,Met,Resolved as requested,,,
TCK-20260729-0179,26:55.3,Not sure about required documents,Not sure about required documents,Requester_26,Health Programme,user178@example.org,Clarification request,,Normal,Clarification request,Relevant Service Unit,Processor_8,CLOSED,54:56.1,FALSE,,FALSE,,,50:02.4,12:43.2,36.5,60.9,0,FALSE,Met,Cancelled,,,
TCK-20260613-0180,26:55.3,Not sure about required documents,Not sure about required documents,Requester_10,SEFFA,user179@example.org,Clarification request,,Normal,Clarification request,Relevant Service Unit,Processor_12,CLOSED,18:55.3,FALSE,,FALSE,,,54:16.3,37:44.6,15.9,33.6,0,FALSE,Met,Rejected,,,
TCK-20260520-0181,26:55.3,Clarification needed on last approval,Clarification needed on last approval,Requester_21,Digital Health Dept.,user180@example.org,Clarification request,,High,Clarification request,Relevant Service Unit,Processor_8,CLOSED,48:56.2,FALSE,,FALSE,,,47:25.1,07:51.6,18.4,54,0,FALSE,Met,Resolved with alternative,,,
TCK-20260430-0182,26:55.3,Need to procure IT equipment,Need to procure IT equipment,Requester_27,Digital Health Dept.,user181@example.org,Procurement-related request,,Urgent,Procurement-related request,Procurement Service Unit,Processor_3,IN PROCESS,01:32.8,TRUE,,TRUE,,,,,12.6,91.4,1,TRUE,Breached,,,,
TCK-20260404-0183,26:55.3,Miscellaneous support needed,Miscellaneous support needed,Requester_33,Finance Unit,user182@example.org,Other service-related request,,Normal,Other service-related request,General Services Unit,Processor_8,ASSIGNED,11:15.3,FALSE,,FALSE,,,,,28.7,75.4,0,FALSE,Met,,,,
TCK-20260526-0184,26:55.3,Need to procure IT equipment,Need to procure IT equipment,Requester_16,Digital Health Dept.,user183@example.org,Procurement-related request,,Normal,Procurement-related request,Procurement Service Unit,Processor_10,CLOSED,29:18.9,FALSE,,TRUE,,,25:58.3,35:43.0,15,47.9,0,FALSE,Met,Cancelled,,,
TCK-20260806-0185,26:55.3,Admin portal not working,Admin portal not working,Requester_1,BMM Project,user184@example.org,System or administrative issue,,Normal,System or administrative issue,IT / Admin Service Unit,Processor_7,CLOSED,55:21.3,TRUE,,FALSE,,,21:39.2,26:37.5,16.5,50.4,1,FALSE,Met,Rejected,,,
TCK-20260226-0186,26:55.3,Not sure about required documents,Not sure about required documents,Requester_36,Digital Health Dept.,user185@example.org,Clarification request,,Normal,Clarification request,Relevant Service Unit,Processor_6,CLOSED,27:23.6,FALSE,,FALSE,,,17:16.4,58:44.8,3,10.8,0,FALSE,Met,Cancelled,,,
TCK-20260724-0187,26:55.3,Access issue with reporting tool,Access issue with reporting tool,Requester_9,BMM Project,user186@example.org,System or administrative issue,,High,System or administrative issue,IT / Admin Service Unit,Processor_7,CLOSED,18:09.1,FALSE,,FALSE,,,52:06.7,33:52.8,2.9,51.6,0,FALSE,Met,Rejected,,,
TCK-20260719-0188,26:55.3,Request contract amendment,Request contract amendment,Requester_3,EnDev Project,user187@example.org,Contract-related request,,Normal,Contract-related request,Contracts Service Unit,Processor_1,CLOSED,54:49.8,FALSE,,TRUE,,,59:09.9,38:45.7,10.5,60.1,0,FALSE,Met,Cancelled,,,
TCK-20260325-0189,26:55.3,Access issue with reporting tool,Access issue with reporting tool,Requester_9,SEFFA,user188@example.org,System or administrative issue,,Urgent,System or administrative issue,IT / Admin Service Unit,Processor_10,CLOSED,21:05.0,FALSE,,FALSE,,,38:13.8,40:30.4,1.9,41.3,0,FALSE,Breached,Rejected,,,
TCK-20260624-0190,26:55.3,Access issue with reporting tool,Access issue with reporting tool,Requester_37,Health Programme,user189@example.org,System or administrative issue,,Normal,System or administrative issue,IT / Admin Service Unit,Processor_8,CLARIFICATION REQUIRED,36:58.8,FALSE,,FALSE,,,,,8.2,41.8,0,FALSE,Met,,,,
TCK-20260315-0191,26:55.3,Vendor performance issue,Vendor performance issue,Requester_2,Finance Unit,user190@example.org,Vendor-related request,,High,Vendor-related request,Procurement Service Unit,Processor_5,IN PROCESS,25:42.1,FALSE,,FALSE,,,,,8,53.9,0,FALSE,Met,,,,
TCK-20260228-0192,26:55.3,System login error,System login error,Requester_34,HR Unit,user191@example.org,System or administrative issue,,Normal,System or administrative issue,IT / Admin Service Unit,Processor_3,UNDER REVIEW,21:56.2,FALSE,,FALSE,,,,,26.9,68.3,0,FALSE,Met,,,,
TCK-20260403-0193,26:55.3,Need to procure IT equipment,Need to procure IT equipment,Requester_27,Social Transformation Cluster,user192@example.org,Procurement-related request,,Normal,Procurement-related request,Procurement Service Unit,Processor_7,CLOSED,40:01.3,TRUE,,TRUE,,,03:59.3,30:18.6,4.2,39.4,1,FALSE,Met,Cancelled,,,
TCK-20260814-0194,26:55.3,General office request,General office request,Requester_36,SEFFA,user193@example.org,Other service-related request,,Normal,Other service-related request,General Services Unit,Processor_11,CLOSED,38:53.8,FALSE,,FALSE,,,18:22.2,58:23.3,25.2,50.7,0,FALSE,Met,Resolved with alternative,,,
TCK-20260704-0195,26:55.3,Not sure about required documents,Not sure about required documents,Requester_17,Finance Unit,user194@example.org,Clarification request,,High,Clarification request,Relevant Service Unit,Processor_4,CLARIFICATION REQUIRED,16:30.1,FALSE,,FALSE,,,,,14.8,50.5,0,FALSE,Met,,,,
TCK-20260413-0196,26:55.3,Access issue with reporting tool,Access issue with reporting tool,Requester_14,Finance Unit,user195@example.org,System or administrative issue,,High,System or administrative issue,IT / Admin Service Unit,Processor_6,CLOSED,27:50.6,TRUE,,FALSE,,,54:26.4,47:54.7,8,59.4,1,FALSE,Met,Rejected,,,
TCK-20260711-0197,26:55.3,Vendor payment delayed,Vendor payment delayed,Requester_26,SEFFA,user196@example.org,Vendor-related request,,Normal,Vendor-related request,Procurement Service Unit,Processor_3,CLOSED,33:42.3,FALSE,,FALSE,,,35:47.1,12:42.9,23.1,105,0,FALSE,Met,Resolved as requested,,,
TCK-20260801-0198,26:55.3,Onboard new vendor for logistics,Onboard new vendor for logistics,Requester_14,Digital Health Dept.,user197@example.org,Vendor-related request,,High,Vendor-related request,Procurement Service Unit,Processor_9,CLOSED,56:56.2,FALSE,,FALSE,,,13:44.0,09:19.1,7.5,42.3,0,FALSE,Met,Rejected,,,
TCK-20260722-0199,26:55.3,Request contract amendment,Request contract amendment,Requester_16,EnDev Project,user198@example.org,Contract-related request,,High,Contract-related request,Contracts Service Unit,Processor_11,UNDER REVIEW,12:12.4,FALSE,,TRUE,,,,,38.8,70.9,0,FALSE,Met,,,,
TCK-20260227-0200,26:55.3,General office request,General office request,Requester_31,BMM Project,user199@example.org,Other service-related request,,Normal,Other service-related request,General Services Unit,Processor_11,CLOSED,56:28.1,FALSE,,FALSE,,,30:45.4,37:54.4,2.5,39.6,0,FALSE,Met,Resolved with alternative,,,
TCK-20260617-0201,26:55.3,Not sure about required documents,Not sure about required documents,Requester_19,SEFFA,user200@example.org,Clarification request,,Normal,Clarification request,Relevant Service Unit,Processor_5,CLOSED,35:09.0,FALSE,,FALSE,,,00:51.1,53:48.3,6.1,19.4,0,FALSE,Met,Resolved as requested,,,
TCK-20260701-0202,26:55.3,General office request,General office request,Requester_3,Social Transformation Cluster,user201@example.org,Other service-related request,,High,Other service-related request,General Services Unit,Processor_7,UNDER REVIEW,42:36.4,FALSE,,FALSE,,,,,10.3,42.7,0,FALSE,Met,,,,
TCK-20260621-0203,26:55.3,Tender for vehicle maintenance,Tender for vehicle maintenance,Requester_19,EnDev Project,user202@example.org,Procurement-related request,,Urgent,Procurement-related request,Procurement Service Unit,Processor_1,CLOSED,42:02.3,FALSE,,TRUE,,,35:15.1,27:05.5,3.3,25.9,0,FALSE,Breached,Rejected,,,
TCK-20260729-0204,26:55.3,Onboard new vendor for logistics,Onboard new vendor for logistics,Requester_9,Finance Unit,user203@example.org,Vendor-related request,,Normal,Vendor-related request,Procurement Service Unit,Processor_5,CLOSED,34:13.4,FALSE,,FALSE,,,00:50.9,36:18.1,4.1,42.4,0,FALSE,Met,Resolved with alternative,,,
TCK-20260730-0205,26:55.3,Miscellaneous support needed,Miscellaneous support needed,Requester_1,SEFFA,user204@example.org,Other service-related request,,High,Other service-related request,General Services Unit,Processor_5,CLOSED,24:15.8,TRUE,,FALSE,,,19:30.9,44:33.9,23,55.9,1,FALSE,Met,Resolved with alternative,,,
TCK-20260529-0206,26:55.3,Admin portal not working,Admin portal not working,Requester_6,HR Unit,user205@example.org,System or administrative issue,,Normal,System or administrative issue,IT / Admin Service Unit,Processor_11,CLOSED,47:23.7,FALSE,,FALSE,,,03:30.6,38:14.1,17.3,47.3,0,FALSE,Met,Cancelled,,,
TCK-20260216-0207,26:55.3,Vendor payment delayed,Vendor payment delayed,Requester_29,Health Programme,user206@example.org,Vendor-related request,,Normal,Vendor-related request,Procurement Service Unit,Processor_6,CLOSED,59:51.5,FALSE,,FALSE,,,05:08.4,42:43.0,16.5,62.1,0,FALSE,Met,Resolved as requested,,,
TCK-20260518-0208,26:55.3,Vendor performance issue,Vendor performance issue,Requester_8,Finance Unit,user207@example.org,Vendor-related request,,Normal,Vendor-related request,Procurement Service Unit,Processor_5,CLOSED,42:36.4,FALSE,,FALSE,,,22:25.3,09:12.2,8.3,20.7,0,FALSE,Met,Rejected,,,
TCK-20260728-0209,26:55.3,General office request,General office request,Requester_15,Digital Health Dept.,user208@example.org,Other service-related request,,Normal,Other service-related request,General Services Unit,Processor_3,CLOSED,24:06.3,TRUE,,FALSE,,,29:18.4,57:10.6,10,62.1,1,FALSE,Met,Rejected,,,
TCK-20260702-0210,26:55.3,Not sure about required documents,Not sure about required documents,Requester_16,BMM Project,user209@example.org,Clarification request,,High,Clarification request,Relevant Service Unit,Processor_9,CLOSED,28:35.2,TRUE,,FALSE,,,06:31.5,17:43.3,22,65.6,1,FALSE,Met,Resolved as requested,,,
TCK-20260302-0211,26:55.3,System login error,System login error,Requester_13,Social Transformation Cluster,user210@example.org,System or administrative issue,,Urgent,System or administrative issue,IT / Admin Service Unit,Processor_3,CLOSED,12:24.3,TRUE,,FALSE,,,46:01.4,44:05.6,14.8,51.6,2,FALSE,Breached,Resolved as requested,,,
TCK-20260714-0212,26:55.3,General office request,General office request,Requester_33,Finance Unit,user211@example.org,Other service-related request,,Normal,Other service-related request,General Services Unit,Processor_1,CLOSED,03:30.7,FALSE,,FALSE,,,05:19.3,53:36.2,11.6,68,0,FALSE,Met,Cancelled,,,
TCK-20260708-0213,26:55.3,System login error,System login error,Requester_20,EnDev Project,user212@example.org,System or administrative issue,,High,System or administrative issue,IT / Admin Service Unit,Processor_7,CLOSED,15:33.5,FALSE,,FALSE,,,03:22.9,07:32.6,3.8,25.8,0,FALSE,Met,Resolved with alternative,,,
TCK-20260226-0214,26:55.3,System login error,System login error,Requester_5,EnDev Project,user213@example.org,System or administrative issue,,Normal,System or administrative issue,IT / Admin Service Unit,Processor_2,ASSIGNED,52:21.9,FALSE,,FALSE,,,,,10.4,24.5,0,FALSE,Met,,,,
TCK-20260530-0215,26:55.3,Purchase field survey tablets,Purchase field survey tablets,Requester_27,SEFFA,user214@example.org,Procurement-related request,,High,Procurement-related request,Procurement Service Unit,Processor_7,CLOSED,36:34.7,FALSE,,TRUE,,,42:05.1,47:42.3,27.2,79.1,0,FALSE,Breached,Cancelled,,,
TCK-20260808-0216,26:55.3,Clarification needed on last approval,Clarification needed on last approval,Requester_9,SEFFA,user215@example.org,Clarification request,,Urgent,Clarification request,Relevant Service Unit,Processor_2,CLOSED,58:16.2,FALSE,,FALSE,,,20:43.2,42:08.2,9.5,27.4,0,FALSE,Breached,Resolved with alternative,,,
TCK-20260214-0217,26:55.3,General office request,General office request,Requester_30,HR Unit,user216@example.org,Other service-related request,,Urgent,Other service-related request,General Services Unit,Processor_9,CLOSED,44:41.2,FALSE,,FALSE,,,45:26.3,02:22.5,11.3,38,0,FALSE,Breached,Cancelled,,,
TCK-20260426-0218,26:55.3,Vendor payment delayed,Vendor payment delayed,Requester_8,EnDev Project,user217@example.org,Vendor-related request,,Urgent,Vendor-related request,Procurement Service Unit,Processor_11,CLOSED,42:59.2,TRUE,,FALSE,,,07:21.2,44:30.5,40.3,61.4,1,FALSE,Breached,Resolved as requested,,,
TCK-20260303-0219,26:55.3,Request contract amendment,Request contract amendment,Requester_29,EnDev Project,user218@example.org,Contract-related request,,High,Contract-related request,Contracts Service Unit,Processor_4,CLOSED,15:23.5,FALSE,,TRUE,,,08:53.8,24:01.4,14.8,55.9,0,FALSE,Met,Resolved with alternative,,,
TCK-20260301-0220,26:55.3,System login error,System login error,Requester_19,Digital Health Dept.,user219@example.org,System or administrative issue,,Normal,System or administrative issue,IT / Admin Service Unit,Processor_12,CLOSED,19:53.3,FALSE,,FALSE,,,17:14.5,34:09.4,9.9,19,0,FALSE,Met,Rejected,,,
TCK-20260323-0221,26:55.3,Extension of grant agreement needed,Extension of grant agreement needed,Requester_27,Health Programme,user220@example.org,Contract-related request,,Normal,Contract-related request,Contracts Service Unit,Processor_5,CLOSED,19:50.1,FALSE,,TRUE,,,30:05.7,19:03.2,9.9,47.2,0,FALSE,Met,Resolved with alternative,,,
TCK-20260707-0222,26:55.3,Miscellaneous support needed,Miscellaneous support needed,Requester_23,HR Unit,user221@example.org,Other service-related request,,Normal,Other service-related request,General Services Unit,Processor_9,CLOSED,08:29.0,FALSE,,FALSE,,,47:08.7,21:40.4,9.7,19.6,0,FALSE,Met,Resolved with alternative,,,
TCK-20260403-0223,26:55.3,Onboard new vendor for logistics,Onboard new vendor for logistics,Requester_15,Health Programme,user222@example.org,Vendor-related request,,Normal,Vendor-related request,Procurement Service Unit,Processor_12,CLOSED,06:35.4,FALSE,,FALSE,,,16:44.2,55:42.7,5.7,53.2,0,FALSE,Met,Resolved as requested,,,
TCK-20260601-0224,26:55.3,Access issue with reporting tool,Access issue with reporting tool,Requester_25,Digital Health Dept.,user223@example.org,System or administrative issue,,Normal,System or administrative issue,IT / Admin Service Unit,Processor_5,CLOSED,25:04.2,TRUE,,FALSE,,,17:46.7,10:13.9,19,109.9,1,FALSE,Met,Cancelled,,,
TCK-20260702-0225,26:55.3,Vendor payment delayed,Vendor payment delayed,Requester_4,Health Programme,user224@example.org,Vendor-related request,,High,Vendor-related request,Procurement Service Unit,Processor_7,CLOSED,27:05.5,FALSE,,FALSE,,,30:51.7,22:53.7,14,31.1,0,FALSE,Met,Resolved as requested,,,
TCK-20260805-0226,26:55.3,Review draft service contract,Review draft service contract,Requester_14,SEFFA,user225@example.org,Contract-related request,,Normal,Contract-related request,Contracts Service Unit,Processor_5,RECEIVED,19:23.5,FALSE,,TRUE,,,,,6.9,17,0,FALSE,Met,,,,
TCK-20260317-0227,26:55.3,Request contract amendment,Request contract amendment,Requester_31,Digital Health Dept.,user226@example.org,Contract-related request,,Urgent,Contract-related request,Contracts Service Unit,Processor_12,CLOSED,20:02.0,FALSE,,TRUE,,,38:39.5,20:53.2,3.9,40.3,0,FALSE,Breached,Resolved with alternative,,,
TCK-20260428-0228,26:55.3,Access issue with reporting tool,Access issue with reporting tool,Requester_23,Health Programme,user227@example.org,System or administrative issue,,Normal,System or administrative issue,IT / Admin Service Unit,Processor_5,CLOSED,55:35.4,TRUE,,FALSE,,,45:27.1,03:44.0,18.5,78.8,2,FALSE,Met,Cancelled,,,
TCK-20260507-0229,26:55.3,Tender for vehicle maintenance,Tender for vehicle maintenance,Requester_27,EnDev Project,user228@example.org,Procurement-related request,,Normal,Procurement-related request,Procurement Service Unit,Processor_10,PENDING APPROVAL,09:06.1,TRUE,,TRUE,,,,,7.7,38.7,1,FALSE,Met,,,,
TCK-20260422-0230,26:55.3,Request contract amendment,Request contract amendment,Requester_38,HR Unit,user229@example.org,Contract-related request,,Urgent,Contract-related request,Contracts Service Unit,Processor_5,CLOSED,45:02.2,FALSE,,TRUE,,,39:40.0,14:52.8,10.3,37.9,0,FALSE,Breached,Cancelled,,,
TCK-20260622-0231,26:55.3,System login error,System login error,Requester_22,Health Programme,user230@example.org,System or administrative issue,,High,System or administrative issue,IT / Admin Service Unit,Processor_8,PENDING APPROVAL,13:28.9,FALSE,,FALSE,,,,,14.8,63.1,0,FALSE,Met,,,,
TCK-20260612-0232,26:55.3,Miscellaneous support needed,Miscellaneous support needed,Requester_23,Social Transformation Cluster,user231@example.org,Other service-related request,,High,Other service-related request,General Services Unit,Processor_3,CLOSED,26:42.6,FALSE,,FALSE,,,39:21.5,53:14.1,3,26.2,0,FALSE,Met,Resolved as requested,,,
TCK-20260306-0233,26:55.3,System login error,System login error,Requester_1,HR Unit,user232@example.org,System or administrative issue,,Normal,System or administrative issue,IT / Admin Service Unit,Processor_3,UNDER REVIEW,42:15.8,TRUE,,FALSE,,,,,18.3,60.5,1,FALSE,Met,,,,
TCK-20260217-0234,26:55.3,Request quotation for office supplies,Request quotation for office supplies,Requester_24,EnDev Project,user233@example.org,Procurement-related request,,Normal,Procurement-related request,Procurement Service Unit,Processor_10,CLOSED,22:39.2,TRUE,,TRUE,,,49:28.3,18:15.5,4.9,73.4,1,FALSE,Met,Cancelled,,,
TCK-20260218-0235,26:55.3,Miscellaneous support needed,Miscellaneous support needed,Requester_27,EnDev Project,user234@example.org,Other service-related request,,Normal,Other service-related request,General Services Unit,Processor_1,CLOSED,52:30.6,FALSE,,FALSE,,,40:59.6,00:08.1,13.4,30.8,0,FALSE,Met,Rejected,,,
TCK-20260331-0236,26:55.3,Tender for vehicle maintenance,Tender for vehicle maintenance,Requester_34,Social Transformation Cluster,user235@example.org,Procurement-related request,,Urgent,Procurement-related request,Procurement Service Unit,Processor_4,CLOSED,09:58.5,FALSE,,TRUE,,,53:31.9,00:02.5,16.7,53.7,0,FALSE,Breached,Rejected,,,
TCK-20260307-0237,26:55.3,Onboard new vendor for logistics,Onboard new vendor for logistics,Requester_30,Digital Health Dept.,user236@example.org,Vendor-related request,,Urgent,Vendor-related request,Procurement Service Unit,Processor_12,CLOSED,08:07.1,FALSE,,FALSE,,,03:40.9,47:39.5,23.7,62.9,0,FALSE,Breached,Resolved as requested,,,
TCK-20260310-0238,26:55.3,General office request,General office request,Requester_36,Finance Unit,user237@example.org,Other service-related request,,Normal,Other service-related request,General Services Unit,Processor_1,CLOSED,51:03.6,FALSE,,FALSE,,,31:08.6,41:04.2,4.4,22.7,0,FALSE,Met,Resolved as requested,,,
TCK-20260730-0239,26:55.3,Not sure about required documents,Not sure about required documents,Requester_7,EnDev Project,user238@example.org,Clarification request,,High,Clarification request,Relevant Service Unit,Processor_4,CLOSED,45:04.7,TRUE,,FALSE,,,55:30.4,53:30.4,3.3,41.2,1,FALSE,Met,Cancelled,,,
TCK-20260306-0240,26:55.3,Vendor payment delayed,Vendor payment delayed,Requester_35,EnDev Project,user239@example.org,Vendor-related request,,Urgent,Vendor-related request,Procurement Service Unit,Processor_3,CLARIFICATION REQUIRED,05:38.5,TRUE,,FALSE,,,,,3.6,79.2,1,TRUE,Breached,,,,
TCK-20260715-0241,26:55.3,Request quotation for office supplies,Request quotation for office supplies,Requester_26,BMM Project,user240@example.org,Procurement-related request,,High,Procurement-related request,Procurement Service Unit,Processor_5,CLOSED,59:40.0,FALSE,,TRUE,,,32:58.5,04:49.6,2.5,9.6,0,FALSE,Met,Cancelled,,,
TCK-20260524-0242,26:55.3,Miscellaneous support needed,Miscellaneous support needed,Requester_6,SEFFA,user241@example.org,Other service-related request,,Normal,Other service-related request,General Services Unit,Processor_1,CLOSED,38:04.4,FALSE,,FALSE,,,17:36.4,37:57.9,6.2,24.7,0,FALSE,Met,Resolved as requested,,,
TCK-20260722-0243,26:55.3,Vendor performance issue,Vendor performance issue,Requester_21,EnDev Project,user242@example.org,Vendor-related request,,Normal,Vendor-related request,Procurement Service Unit,Processor_11,CLOSED,25:28.8,TRUE,,FALSE,,,19:40.5,09:26.6,36,100.9,1,FALSE,Met,Cancelled,,,
TCK-20260706-0244,26:55.3,Extension of grant agreement needed,Extension of grant agreement needed,Requester_38,HR Unit,user243@example.org,Contract-related request,,Normal,Contract-related request,Contracts Service Unit,Processor_2,CLOSED,26:54.6,FALSE,,TRUE,,,10:48.2,58:25.7,24,63.7,0,FALSE,Met,Resolved with alternative,,,
TCK-20260308-0245,26:55.3,General office request,General office request,Requester_10,HR Unit,user244@example.org,Other service-related request,,Normal,Other service-related request,General Services Unit,Processor_6,CLOSED,57:21.5,FALSE,,FALSE,,,05:26.9,11:44.8,3.5,27.1,0,FALSE,Met,Rejected,,,
TCK-20260424-0246,26:55.3,Not sure about required documents,Not sure about required documents,Requester_12,HR Unit,user245@example.org,Clarification request,,Normal,Clarification request,Relevant Service Unit,Processor_8,CLOSED,59:33.0,FALSE,,FALSE,,,46:25.6,33:35.7,11.5,48.8,0,FALSE,Met,Resolved as requested,,,
TCK-20260516-0247,26:55.3,Need to procure IT equipment,Need to procure IT equipment,Requester_39,SEFFA,user246@example.org,Procurement-related request,,Normal,Procurement-related request,Procurement Service Unit,Processor_7,CLOSED,42:21.4,FALSE,,TRUE,,,57:08.9,28:12.4,4.3,15.2,0,FALSE,Met,Resolved as requested,,,
TCK-20260711-0248,26:55.3,General office request,General office request,Requester_25,Social Transformation Cluster,user247@example.org,Other service-related request,,Normal,Other service-related request,General Services Unit,Processor_3,CLOSED,53:32.4,FALSE,,FALSE,,,41:17.0,51:41.1,6.4,47.8,0,FALSE,Met,Resolved with alternative,,,
TCK-20260606-0249,26:55.3,Request quotation for office supplies,Request quotation for office supplies,Requester_31,BMM Project,user248@example.org,Procurement-related request,,Normal,Procurement-related request,Procurement Service Unit,Processor_6,CLOSED,29:03.3,FALSE,,TRUE,,,10:14.7,50:32.3,2,25.7,0,FALSE,Met,Cancelled,,,
TCK-20260406-0250,26:55.3,Admin portal not working,Admin portal not working,Requester_20,EnDev Project,user249@example.org,System or administrative issue,,Normal,System or administrative issue,IT / Admin Service Unit,Processor_7,CLOSED,07:41.0,FALSE,,FALSE,,,45:32.6,01:24.6,11.7,32.6,0,FALSE,Met,Rejected,,,
TCK-20260605-0251,26:55.3,Not sure about required documents,Not sure about required documents,Requester_9,Health Programme,user250@example.org,Clarification request,,Urgent,Clarification request,Relevant Service Unit,Processor_6,CLOSED,32:13.3,TRUE,,FALSE,,,07:08.1,06:38.3,14.1,61.6,1,FALSE,Breached,Cancelled,,,
TCK-20260527-0252,26:55.3,Vendor payment delayed,Vendor payment delayed,Requester_32,Digital Health Dept.,user251@example.org,Vendor-related request,,Normal,Vendor-related request,Procurement Service Unit,Processor_6,CLOSED,37:55.6,TRUE,,FALSE,,,34:18.1,21:03.8,4.2,43.9,1,FALSE,Met,Cancelled,,,
TCK-20260709-0253,26:55.3,Vendor payment delayed,Vendor payment delayed,Requester_35,Social Transformation Cluster,user252@example.org,Vendor-related request,,High,Vendor-related request,Procurement Service Unit,Processor_11,CLOSED,25:41.9,FALSE,,FALSE,,,22:23.8,59:32.4,5,23.9,0,FALSE,Met,Cancelled,,,
TCK-20260607-0254,26:55.3,General office request,General office request,Requester_5,HR Unit,user253@example.org,Other service-related request,,High,Other service-related request,General Services Unit,Processor_11,CLOSED,15:24.7,FALSE,,FALSE,,,11:53.0,45:53.2,10.8,22.9,0,FALSE,Met,Resolved with alternative,,,
TCK-20260326-0255,26:55.3,Vendor performance issue,Vendor performance issue,Requester_25,BMM Project,user254@example.org,Vendor-related request,,Normal,Vendor-related request,Procurement Service Unit,Processor_8,ASSIGNED,00:04.2,FALSE,,FALSE,,,,,14.6,58.4,0,FALSE,Met,,,,
TCK-20260701-0256,26:55.3,Access issue with reporting tool,Access issue with reporting tool,Requester_27,EnDev Project,user255@example.org,System or administrative issue,,Urgent,System or administrative issue,IT / Admin Service Unit,Processor_6,CLOSED,04:40.4,FALSE,,FALSE,,,44:48.9,25:47.1,3.6,40.7,0,FALSE,Breached,Resolved as requested,,,
TCK-20260802-0257,26:55.3,Request quotation for office supplies,Request quotation for office supplies,Requester_40,EnDev Project,user256@example.org,Procurement-related request,,Normal,Procurement-related request,Procurement Service Unit,Processor_10,PENDING APPROVAL,27:21.4,FALSE,,TRUE,,,,,22,60.4,0,FALSE,Met,,,,
TCK-20260510-0258,26:55.3,Miscellaneous support needed,Miscellaneous support needed,Requester_7,Health Programme,user257@example.org,Other service-related request,,Normal,Other service-related request,General Services Unit,Processor_4,CLOSED,19:46.9,FALSE,,FALSE,,,26:34.0,22:30.5,7.9,37.1,0,FALSE,Met,Resolved with alternative,,,
TCK-20260526-0259,26:55.3,Not sure about required documents,Not sure about required documents,Requester_38,Social Transformation Cluster,user258@example.org,Clarification request,,High,Clarification request,Relevant Service Unit,Processor_6,ASSIGNED,13:32.8,FALSE,,FALSE,,,,,13.8,58.1,0,FALSE,Met,,,,
TCK-20260531-0260,26:55.3,Purchase field survey tablets,Purchase field survey tablets,Requester_10,SEFFA,user259@example.org,Procurement-related request,,Normal,Procurement-related request,Procurement Service Unit,Processor_5,CLOSED,01:51.9,FALSE,,TRUE,,,03:40.8,05:58.3,10.6,28,0,FALSE,Met,Cancelled,,,
